name,aditional_information
Funcionamiento Centro Salud Milloma,
Alfabetización de mujeres indígenas en la Provincia de Muñecas,"El objetivo del proyecto es la sistematización, elaboración y validación de materiales de apoyo, tanto en quechua como también bilingües (quechua –castellano) para consolidar  la Educación Primaria de mujeres quechuas, que no han tenido oportunidad de acceder al sistema de eduuación formal y  actualmente siguen cursos de capacitación y formación en el CETHA. 

Se elaboraría e imprimiría, 5 módulos con ejes temáticos regionalizados. 3 para el nivel inicial y 2 para el complementario. Con la participación de las propias mujeres se elaborarán 10 folletos sobre temáticas de interés y adecuadas al contexto de la población beneficiaria, en talleres de elaboración de textos. Estos folletos serán difundidos entre la población de las comunidades a las que pertenecen las mujeres. 

La población beneficiaria directa del proyecto serán 256 mujeres quechuas que estudian en el nivel de Educación Primaria de Adultos EPA, del CETHA “Ildefonso de las Muñecas”. "
Apoyo a la gestión económica y productiva,
"Diversificados los procesos productivos en las comunidades de Belén de Urmiri, Puituco y Villa Marcavi, Municipio Belén de Urmiri","Primera fase – Construcción de bloques educativos en las Unidades Educativas: Eduardo Avaroa Municipio de Betanzos, Eduardo Avaroa Municipio de Chaquí y Gualberto Villarroel Municipio de Tacobamba
"
Una experiencia educativa comunitaria desde la interculturalidad,
Apoyo al Secretariado Rural,
Apoyo a la red de seguridad alimentaria,
Centro de desarrollo integral para adolescentes y jóvenes,
Apoyo al desarrollo socioeconómico y ambientalmente sostenible de las comunidades del municipio de El Torno,"El programa tiene una fuerte componente de desarrollo económico, sin embargo considera de aspectos socioculturales, medioambientales y de fortalecimiento institucional, priorizando la equidad de género y el fortalecimiento de la participación y de la capacidad de liderazgo de las mujeres. Se pone gran atención al medioambiente implementando técnicas productivas altamente sostenibles y elaborando de manera participativa un plan de manejo del territorio"
"Casa de acogida Hnas. del Divino Salvador, Cochabamba",
Centro Modelo de Reinserción para Adolescentes y Jóvenes Infractores  de la Ley,
"Atención Integral a niños y adolescentes de colegios de Cochabamba para la prevención de conductas antisociales, violencia, uso indebido de drogas, alcohol y del VIH-SIDA",
Centro de Educación Integral Santa Lucia de Yocalla,"Funcionando 5 viviendas del módulo Internado para 25 niños y niñas pobres del Departamento de Potosí. Rehabilitación de 5 viviendas, cedidas por la Alcaldía Municipal de Yocalla"
"Construcción Centro Educativo ""Juan de Dios Bosque""",
Granja Escuela,
Apoyando microempresas,
Consolidación de asentamientos de comunidades indígenas guaraníes. Fase II ,"El proyecto quiere impulsar modelos de desarrollo que faciliten la integración de las familias campesinas de origen quechua con las familias indígenas guaraníes. Para ello focaliza en los dos tipos de comunidades medidas para:

Incrementar la renta familiar.
Incrementar las oportunidades económicas. 
Solucionar los problemas jurídicos y los organizativos. "
Avanzando hacia la equidad en los espacios políticos y sociales de la Chiquitanía,"ZABALKETA quiere aprovechar la oportunidad histórica de la coyuntura para incorporar la visión y participación de las mujeres jóvenes indígenas, abriendo espacios de participación e impulsar la incorporación de la perspectiva de la mujer en sus organizaciones, municipios y en procesos de desarrollo de TCOs."
Proyecto AYRA,
Construcción de un sistema de agua potable en la comunidad de Chajhuaya,
Centro de Producción y Extensión Técnica,"El proyecto ha sido identificado como una necesidad imprescindible, por el diagnóstico del área del “PROGRAMA DE DESARROLLO RURAL INTEGRAL CORREDOR VILLA TUNARI – WARNES”, ya que no existen experiencias productivas exitosas que extiendan su experiencia hacia las familias desfavorecidas y que les brinden la oportunidad de acceder a capacitaciones sistemáticas. Las familias pobres no encuentran, en medio de su aislamiento, la forma de desarrollarse técnicamente para mejorar y ampliar sus unidades productivas.

El problema más importante de la zona es que existe una alta tasa de crecimiento demográfico en el área rural y un muy bajo perfil técnico de la población, por tanto, una limitada capacidad productiva. Estos dos factores generan un acelerado deterioro de las “economías campesinas”.

"
Centro de Recursos y Apoyo Psicopedagógico a Escuelas Rurales,
"Consolidación de la piscicultura rural a pequeña escala en las comunidades de la provincia de Moxos, Departamento del Beni, Bolivia.","El programa pretende mejorar la seguridad alimentaria y económica, y contribuir a la autonomía de 2.196 familias de comunidades indígenas y campesinas que presentan índices de pobreza de más del 90% y pretende consolidar las organizaciones de piscicultores mediante formación y seguimiento intensivos, transfiriéndoles la responsabilidad de la gestión de la piscicultura de forma progresiva a medida que sus capacidades se vayan fortaleciendo"
Construyendo la Viabilidad de Políticas Públicas del derecho a la alimentación a través de Alianzas y Acuerdos en Marco de la Soberanía y Seguridad alimentaria Nutricional en Bolivia,
Construcción del Colegio Secundario Checochi,
"Construcción Democrática y Concertada  de normas legales y constitucionales sobre usos, derechos e instituciones de regulación de recursos hídricos y de biodiversidad",
"Promoción de los derechos de niños/as y adolescentes trabajadores que viven en condiciones de exclusion social, violencia, explotación y abuso en regiones piloto de Bolivia",
Convenio AECID,
"Desarrollo Integral de Niños, Niñas y Adolescentes",
Desarrollo territorial en el ADT Alto Beni,
Desarrollo de capacidades de gestión territorial de los pueblos indígenas del norte amazónico de Bolivia,
Desarrollo económico local en el municipio de Yapacaní,
Desarrollo territorial en el ADT Azurduy - Tarvita,
Desarrollo territorial en el ADT Licoma,
Desarrollo territorial en el ADT Betanzos,
Desarrollo territorial en el ADT San José de Chiquitos,
Desarrollo territorial en el ADT Viacha,
Desarrollo económico y social de campesinos y indígenas del Norte Amazónico de Bolivia,"El objetivo general es la mejora de la calidad de vida de la población de 35 comunidades campesinas e indígenas de 5 municipios de la región Norte Amazónico de Bolivia.
Las líneas de acción del programa son:
1. Elaboración de Planes de Ordenamiento Predial y Planes de Manejo y Aprovechamiento de Rescursos Naturales: castaña, peces y plantas medicinales.
2. Establecimiento de sistemas agroforestales, huertos, frutales, producción agropecuaria, sanidad animal y apoyo a la transformación y comercialización.
3. Construcción de sistemas de agua potable.
4. Fortalecimiento de las organizaciones campesinas: Federaciones Regionales Madre de Dios y Vaca Díez y la Central de Guayaramerín.
5. Capacitación técnica y organizativa para la incidencia política"
Desarrollo forestal sostenible en equidad de género,
Desarrollo Local  de Comunidades Indígenas Aymaras del Sector Loma,
Desarrollo territorial en el ADT Manuel María Caballero,
Desarrollo territorial en el ADT Alcalá,
Desarrollo territorial en el ADT Luís Calvo,
Desarrollo territorial en el ADT Malmiza,
Desarrollo territorial en el ADT Sorata,
Desarrollo territorial en el ADT Sucre,
Desarrollo territorial en el ADT Wichaca,
Desarrollo territorial en el ADT Yapacaní,
"Difusión y valorización de los saberes históricos, sociales, culturales y naturales propios al alumnado de primaria de Mojos, Bolivia.","El proyecto plantea la elaboración de un libro de texto que divulgue conocimientos y saberes de la historia, el medio natural y las particularidades identitarias de Mojos a nivel social, cultural y natural en el tercer ciclo de primaria.  Se coordina este proyecto con HOYAM-MOJOS y el Consejo Educativo del Pueblo Originario Indígena Mojeño (CEPOIM), organismo que vela por la recuperación y divulgación de la cultura mojeña"
"Educación Alternativa desde la interculturalidad para niños/as, jóvenes y personas adultas en el Barrio de Las Américas, Santa Cruz de la Sierra. Bolivia.","El proyecto, pretende mejorar la calidad de vida en los barrios urbano-marginales de Santa Cruz de la Sierra, comprendidos en el anillo 8 de la ciudad, uno de los  más empobrecidos de ésta. Para contribuir a este objetivo a lo largo de los 18 meses del proyecto se desarrollará un programa de formación integral para niños/as, jóvenes y adultos.

El proyecto beneficiará directamente a 1.552 personas: 504 niños y niñas; 816 jóvenes; 232 personas adultas. 
Programa de formación para niños/as: apoyo escolar y servicio diario de ludoteca. Se trabajará con 4 grupos de niños, dos de preescolar y 2 de primaria en turno de mañana y tarde.

2. Programa de jóvenes: se conformarán 8 grupos de jóvenes de un mínimo de 7 participantes, con los que se mantendrán reuniones semanales para tratar temas de su interés y de reflexión y análisis sobre la realidad del país y de su barrio.

3. Programa de formación de adultos: este programa estará centrado principalmente en las mujeres. Abarca alfabetización, formación ocupacional, conformación de 3 grupos productivos de mujeres y formación en informática básica.

4. Instituto informático: el instituto informático ofrece formación para niños/as, jóvenes y adultos. Se pondrán en marcha nuevos programas formativos, para lo que se formará a los docentes y al propio equipo de facilitadores. Se diseñará y pondrá en marcha un nuevo componente formativo, un ciclo de técnicos de grado medio, para el que se logrará el reconocimiento oficial.

5. Fortalecimiento del tejido social: se formará a agentes socioculturales para que se impliquen activamente en la promoción social y cultural de los barrios de la zona y se mantendrán reuniones con la junta vecinal para trabajar conjuntamente en la solución de los principales problemas de la zona"
Dinamización de economías territoriales en la cuenca alta del Río Azero,
Educación Formal y Alternativa,
Educación en Democracia y Equidad de Género. III Fase.,"El objetivo del proyecto es continuar el proceso iniciado en la primera fase del mismo, apoyada por la Generalitat Valenciana, para contribuir a la aplicación de la Reforma Educativa boliviana a través de la transformación del nivel secundario por medio de colegios demostrativos, que trabajan la transversal de Democracia con equidad de género. Al igual que en la primera etapa, se cuenta con el apoyo y colaboración de las autoridades educativas a nivel municipal y distrital para el desarrollo del proyecto.  

Por una parte, se consolidará el trabajo realizado con docentes, alumnos/as, padres y madres, en 4 colegios públicos (ampliado a 5) de La Paz y de El Alto, con los que se trabajó en la primera fase. Para ello, estos cuatro centros educativos se convertirán en “centros demostrativos”, que servirán de referencia a autoridades educativas municipales y a directores de otros centros para el trabajo en la transversal de democracia con equidad de géneros. El trabajo en estas unidades educativas consistirá en actividades de consolidación con todos los miembros de la comunidad educativa: formación de líderes y actividadesdes de la reflexión y profundización sobre ambas temáticas. Por otra parte, se replicará la experiencia de trabajo de la transveral de la primera etapa, en dos 2 colegios públicos provinciales de La Paz, situados en los municipios de Batallas y Calacoto, ( se ha cambiado a los municipios de Batallas y Pucarani) adaptando los materiales educativos a la realidad del medio rural"
Estudio Forestal en vivero de diferentes sustratos implementando ténicas innovadoras en la región de los valles cruceños,
"Extensión de la piscicultura en comunidades indígenas y campesinas en las provincias de Marbán, Cercado y Moxos del Departamento del Beni. ","El proyecto pretende mejorar la seguridad alimentaria y económica, y contribuir a la autonomía de 2.196 familias de comunidades indígenas y campesinas que presentan índices de pobreza de más del 90% y pretende consolidar las organizaciones de piscicultores mediante formación y seguimiento intensivos, transfiriéndoles la responsabilidad de la gestión de la piscicultura de forma progresiva a medida que sus capacidades se vayan fortaleciendo"
Fomento de tejido social y productivo en la Mancomunidad Andina,
"Fortalecidas las capacidades de las mujeres en sus derechos sexuales y reproductivos, con enfoque intercultural y comunitario. ",
Formación de Trabajadores del Sector Fabril y Equipamiento de Radios Fabriles,
Formación y Capacitación de Nuevos líderes de organizaciones campesinas indígenas como “Agentes de la Tierra”,
Desarrollo de Capacidades y Fortalecimiento Institucional de la Mancomunidad Chuquisaca Centro,
"Promoción y protagonismo económico y social de mujeres en riesgo  a través de la organización, capacitación y microcrédito en barrios Sub-urbanos y rurales en Quillacollo Cochabamba- Bolivia",
Fortalecimiento de la capacidad de autosostenimiento del Hogar Teresa de los Andes. Ampliación y equipamiento de la unidad productiva panadería,
Fortalecimiento de la red sanitaria pública y de la gestión local en salud de la provincia de Velasco,
"Fortalecimiento de las capacidades de información, articulación, control y monitoreo de la producción de pequeños campesinos y campesinas del Norte de Santa Cruz.","El proyecto se propone fortalecer la capacidad de toma de decisiones de los/as pequeños/as productores/as de 20 comunidades del Norte Integrado y Tierras del Este del Departamento boliviano de Santa Cruz, en base a potenciar sus capacidades de acceso a información, articulación, intercambio de experiencias, control y monitoreo de su producción. Ello para que puedan enfrentar y tomar decisiones en relación a aspectos que afectan sus sistemas agrarios productivos en materias clave como la demanda creciente de insumos para fabricación de biocombustibles, la introducción en sus cultivos de soja transgénica y  la dependencia informativa, tecnológica y comercial a la que están sometidos. 
Para lograr este objetivo, el proyecto prevé sistematizar y compartir información sobre los ciclos históricos de cultivos en el departamento Santa Cruz, el nuevo “boom” local de inversiones en la agricultura por parte de grandes capitales, la orientación de las políticas del nuevo Gobierno boliviano sobre desarrollo rural y fomento de la agricultura ecológica, las oportunidades y riesgos de posibles acuerdos comerciales internacionales y la influencia que podrían tener sobre la economía de los pequeños productores de la región. 
Se consolidará la Plataforma de Desarrollo Rural que agrupará a campesinos-as, pequeñas industrias de transformación agraria y organizaciones sociales locales con el objetivo de incidir en políticas públicas sobre agricultura y medio ambiente. El proyecto, además, se propone impulsar la diversificación de cultivos a través de intercambios entre productores de regiones diferentes y de campañas y alianzas con pequeñas industrias de transformación. Adicionalmente, se prevé transferir instrumentos metodológicos para la detección y control de la producción de soya transgénica. 
El proyecto contribuirá al intercambio, información y reforzamiento de las capacidades organizativas y de articulación de las organizaciones campesinas de Santa Cruz, para incidir de manera conjunta en la definición y aplicación de las nuevas políticas estatales de soberanía alimentaria, entendida esta como el derecho de los pueblos, comunidades y países a definir sus propias políticas agrícolas, ganaderas, pesqueras y alimentarias que sean ecológica, social, económica y culturalmente apropiadas a sus circunstancias exclusivas, incluyendo el derecho a la alimentación y a la producción de alimentos"
Formación de maestras y maestros como líderes promotores desde la escuela de una ciudadanía activa y participativa” III FASE.,"El proyecto busca generar procesos de formación que permitan, a los docentes de escuelas públicas de Cochabamba, de las siguientes regiones preferentemente: Sacaba (Provincia Chapare), Colomi (Provincia Chapare), Anzaldo (Provincia Esteban Arce) y Cercado (Provincia Cercado), convertirse en promotores de propuestas educativas que favorezcan y promuevan en sus alumnos/as el ejercicio  de la ciudadanía, de manera que la escuela se convierta en un espacio desde el que se fomente el conocimiento y respeto de los valores democráticos.

Mediante el proyecto se formará a al menos 100 maestros y maestras para que tomen conciencia y sean capaces de transmitir a sus alumnos/as la importancia del ejercicio de una ciudadanía activa, basada en el compromiso por el bien común y el ejercicio de los derechos humanos. Los docentes participantes en el proyecto, recibirán asesoramiento y seguimiento para que desde su labor docente, mediante la elaboración de planes de acción, favorezcan la vivencia y el respeto de los valores democráticos dentro de las escuelas, en todos sus ámbitos, en las desde las diferentes instancias de dirección y participación que conforman las mismas"
Formación y capacitación de Educadores Populares,"En ésta fase, se realizará la instrucción pedagógica a 320 niños y niñas del nivel primario de la Unidad Educativa Eduardo Avaroa del Municipio de Betanzos, 200 niños y niñas del nivel primario de la Unidad Educativa Eduardo Avaroa del Municipio de Chaquí y 240 niños y niñas del nivel primario de la Unidad Educativa Gualberto Villarroel del Municipio de Tacobamba"
Fortalecer el proceso de erradicación del analfabetismo para promover el acceso de las mujeres y los hombres  indígenas guaraníes a la educación en el Municipio de Huacaya – BOLIVIA. ,"mejora del nivel educativo de la población guaraní de los tres municipios en los que se  va a trabajar, prestando una atención especial a las mujeres  y niñas, se propone trabajar en cuatro líneas de intervención que se describen a continuación de manera resumida, ya que en el apartado destinado a las actividades se incluye el detalle sobre cada una de ellas. Se trabajará desde un enfoque integral, incidiendo tanto en el sistema educativo formal y como no formal o alternativo"
"Fortalecida la atención sanitaria en el Cabildo Alta del Ayllu Ckaña, Municipio de Tinguipaya, ofreciendo cobertura de salud a los habitantes.","El proyecto básicamente consiste, en la Construcción del Puesto de Salud Ckallpa Pampa, el Equipamiento y el Servicio de Salud a 1535 habitantes de 9 comunidades.

-Construcción: Se construirá un consultorio general, un consultorio de medicina tradicional, una sala de enfermería, una sala de partos intercultural, una sala de internación, una habitación familiar, dos baterías de baños, una sala múltiple, un almacén general una vivienda auxiliar, un área de desechos sólidos y un muro perimetral.
-Equipamiento: Se equiparán un consultorio general, un consultorio de medicina tradicional, una sala de enfermería, una sala de partos intercultural, una sala de internación, una habitación familiar, una sala múltiple y una vivienda auxiliar.
-Servicio de Salud: Se brindará los servicios de medicina general, medicina tradicional, farmacia, internación, partos y enfermería en el puesto de salud Ckallpa.

El Puesto de Salud aparte de la atención Médica, realizará la actividad de promoción prevención y educación en salud"
Incrementada la calidad educativa de niños y niñas del nivel primario de la Unidad Educativa Tomás Frías - Municipio Porco.,"Primera fase – Construcción y equipamiento del área pedagógica.

En esta primera fase, se ampliará la infraestructura de la Unidad Educativa Tomás Frías, con la construcción de ocho aulas rectangulares más el equipamiento para cobijar a 280 niños/as del nivel primario.

Segunda fase – Instrucción pedagógica a 280 niños/as del nivel primario.

En esta segunda fase, se realizará la instrucción pedagógica a 280 niños/as del nivel primario de la Unidad Educativa Tomás Frías, a quienes se les otorgará mayores y mejores condiciones de aprendizaje. Esta tarea estará encomendada por los maestros, las maestras y todo el personal administrativo de dicha Unidad Educativa"
Mujeres en acción (Fase II),
"Fortalecida la Atención Sanitaria en las Comunidades de El Molino Municipio Yocalla y Keluyo Municipio Puna, ofreciendo cobertura de salud a sus habitantes.","El proyecto básicamente consiste, en la Construcción de un Centro de Salud en cada comunidad de los Municipios beneficiarios, el Equipamiento y el Servicio de Salud, para la atención de 1075 habitantes en la comunidad de El Molino y 1455 habitantes en la comunidad de keluyo.

-Construcción: En cada Centro de Salud se construirá: Un consultorio, una farmacia, dos salas de internación (varones y mujeres), una enfermería, una cocina, una sala de partos, una sala de espera, una sala de archivos y baterías de baños.

-Equipamiento: Se realizara el equipamiento instrumental, inmobiliario y tecnológico de los Centros de Salud de El Molino y Keluyo de acuerdo a especificaciones técnicas previstas para los centros de primer nivel de atención, y de acuerdo a especificaciones presupuestarias.

-Servicio de Salud: Se brindará los servicios de medicina general, medicina tradicional, farmacia, internación, partos y enfermería en cada puesto de salud.

Los Centros de Salud además brindar atención Médica, realizaran actividades de Promoción, Prevención y Educación en Salud, coadyuvando de esta manera en el fortalecimiento del Sistema Sanitario. Así mismo se impulsara la inclusión y prácticas de la medicina tradicional"
"Fortalecida la Mancomunidad Gran Centro Potosí y sus entidades constituyentes, a tráves de programas y proyectos mancomunados",
Fortalecimiento a la Incidencia de las Organizaciones Indígenas y Campesinas en el Cambio del Modelo de Gestión de los Recursos Naturales en Bolivia,
Proyecto de mejora del acceso y la calidad del sector educativo en Departamento de Potosí Bolivia - Fase I,
Fortalecimiento a la eduación inicial de 4 comunidades de Cajuata y Licoma,"Es un proyecto piloto que favorecerá a los niños y niñas en edad preescolar de los municipios de Licoma y Cajuata, Se cosntruirán ambientes destinados a ellos, debidamente equipados y paralelamente se trabajará en desarrollar la currícula educativa. Los otros socios o financiadores lo constituyen los gobiernos municipales de Licoma y Cajuata mas los padres de familia de los estudiantes de 4 unidades educativas"
Fortalecimiento de la participación política de mujeres indígenas,
Fortalecimiento de las defensorías municipales de la niñez y adolescencia del Departamento de Santa Cruz,
Fortalecimiento de los Institutos de Educación Técnica Media y Superior no Universitaria de Fe y Alegría,
Fortalecimiento de microemprendimientos en los municipios rurales de departamento Chuquisaca-Bolivia,
Fortalecimiento de procesos socioproductivos en las comunidades indígenas guaraníes del Alto y Bajo Isoso (fase II),
Fortalecimiento del Tejido Social y Económico de Comunidades Indígenas y Campesinas en la Municipalidad de Huacareta (Bolivia),
Fortalecimiento Organizativo y Productivo de Campesinos del Municipio de Guayameráin en el Norte Amazónico de Bolivia,
Mejora de la calidad educativa en el Barrio Urbano Marginal de Villa Armonía (La Paz) mediante el desarrollo de actividades formativas y mejora de infraestructuras,
Investigador e impulsor de técnicas en manejo sostenible de recursos,"Ejecución de un estudio forestal piloto, basado en la gestión de biomasa y técnicas de plantación en vivero, cuyos resultados posibilitarán la formulación de nuevas propuestas para fortalecer el sector forestal en la zona y establecer contactos con agentes locales implicados en el desarrollo de la región"
"Fortalecimiento y consolidación de unidades productivas familiares en el ámbito agropecuario y forestal y de capacidades organizativas de pequeños productores y productoras. Haití, República Dominicana y Bolivia, 4 años.","Contribuir al fortalecimiento de las organizaciones campesinas indígenas originarias en el altiplano boliviano para la defensa de la soberanía alimentaria, apoyando el acceso a recursos (tierra, agua, biodiversidad), la agricultura campesina familiar y comunitaria con bases agroecológicas, la transformación y comercialización bajo control campesino y participación en la construcción de políticas agrarias, con un enfoque de género e interculturalidad"
"Fortalecimiento y formación de asociaciones productivas solidarias desde un enfoque sostenible, de igualdad de género y de derechos, promoviendo el comercio justo y los valores que implica a través de la sensibilización de la sociedad tarijeña",
Generación de capacidades para el ejercicio responsable de derechos y deberes ciudadanos en la Mancomunidad Andina de Cochabamba  ,
"Implementación de la piscicultura rural a pequeña escala en la provincia de Chiquitos, Bolivia","El proyecto pretende elaborar un estudio de factibilidad, realizado de forma participativa con la población local, para conocer y analizar las áreas más óptimas donde replicar la experiencia piscícola desarrollada en otras regiones rurales amazónicas. Además impulsará varios módulos productivos que permitan introducir esta práctica en la realidad de la región, mejorando la seguridad de la dieta y economía de más de 40 familias"
"Incrementada la calidad educativa de 3 Unidades Educativas, mediante la dotación de elementos básicos de la educación",
Implementación de una red de coordinación interinstitucional para la gestión y el control de aguas comunitarias de consumo entre el gobierno local y las TCO TIM y TIMI,"El presente proyecto pretende implementar una red de coordinación interinstitucional para la gestión y el control de aguas comunitarias de consumo entre el gobierno local, las subcentrales de las TCO’s TIM y TIMI y las instituciones educativas y de salud; fomentar una cultura de higiene en relación al agua de consumo ( saneamiento y consumo) formando a una red de promotores y promotoras de salud y llevando a cabo una campaña de información y comunicación"
"Protección integral y ayuda contra la drogadicción de niños y adolescentes de la calle. Bolivia, Perú, Ecuador, 4 años",
Implementación Granja Piscícola Muyurina,
"Impulsar procesos de transformación social y educativa a través de propuestas educativas comunitarias participativas e innovadoras, y mediante la consolidación de un espacio radiofónico alternativo","
1.Consolidar los Procesos de Educación Alternativa promovidos por el Cepja desde una cosmovisión andina amazónica, promoviendo la creación de redes de transformación social entre los agentes educativos de la zona sur de Cochabamba.

a.La renovación pedagógica de los centros educativos, a partir de la constitución de una red que establezca objetivos y actividades comunes para promover una educación transformadora, a partir de un enfoque de género, intercultural y de derechos.
b.Formación de profesorado, padres/madres y alumnos/as como agentes de transformación educativa;
c.El refuerzo de la formación y capacitación de los niños/as y jóvenes y atención a su desarrollo personal;
d.El refuerzo del proceso de profesionalización para microempresarios/as
e.Organización de debates, conferencias, seminarios para potenciar el diálogo, la participación y el conocimiento de la realidad social y política del país.

2.Consolidar y fortalecer el Área de Comunicación del Cepja como medio de comunicación alternativo, que promueve el diálogo social y la visión crítica de la sociedad gracias a:

a.La potenciación de Radio Alternativa FM 90.3 iniciada en enero de 2007 con financiación de la Xunta de Galicia, para que tenga una mejor calidad de la señal de transmisión y una mayor cobertura sobre la zona sur de Cochabamba. Esta acción es indispensable para seguir adelante con la labor de formación de la población en la Educación para la ciudadanía y para seguir orientando hacia el desarrollo social solidario y equitativo.
b.La producción de materiales comunicacionales educativos que fomenten los principios que conforman la filosofía, misión y visión de la institución.
c.Crear mecanismos para la autosostenibilidad de la radio.
d.Potenciar el codesarrollo a través del intercambio de la realidad de familias bolivianas en España, conectando la FM90.3 con las radios comunitarias en España.
e.Maximizar los recursos ya existentes. Fortalecer la página web como medio informativo y formativo. 
"
Incidencia en políticas públicas dentro del proceso constituyente,
"Incrementado el Nivel de vida de la población de las Comunidades de Lamani Baja , Yocalla , Chalama, Muquina , Puituco y Quiruchata mediante la producción agrícola bajo riego","El proyecto tendrá la articulación de las siguientes fases:

Primera fase - Construcción de seis sistemas de riego en las Comunidades de: Lamani Baja Municipio de Betanzos, San Antonio Municipio de Yocalla, Chalama Municipio de Tacobamba, Muquina Municipio de Puna, Puituco Municipio de Belén de Urmiri y Quiruchata Municipio de Caiza D.

En esta fase se construirán 6 sistemas de riego en 6 comunidades de 6 Municipios de la Mancomunidad Gran Centro Potosí, cada sistema de riego se construirá según la descripción que se encuentra en el presupuesto del proyecto, iniciando con la instalación de faenas y terminando con la limpieza general en el lugar de emplazamiento de las obras civiles.

Segunda fase – Capacitación y asesoramiento para la manutención y operación de los sistemas de riego.

En esta fase se capacitará y asesorará técnicamente: A 30 jefes de familia de la Comunidad de Lamani Baja Municipio de Betanzos, a 36 jefes de familia de la Comunidad de San Antonio del Municipio de Yocalla, a 65 jefes de familia de la Comunidad de Chalama Municipio de Tacobamba, a 69 jefes de familia de la Comunidad de la Comunidad de Muquina Municipio de Puna, 138 jefes de familia de la Comunidad de Puituco Municipio de Belén de Urmiri y a 22 jefes de familia de la Comunidad de Quiruchata Municipio de Caiza D en el mantenimiento y operación de los sistemas de riego que fueron implementados en cada comunidad.

Tercera fase – Ampliar la frontera agrícola bajo riego.

En ésta fase los protagonistas para su ejecución serán los/as campesinos/as indígenas quechuas de cada comunidad, más los técnicos de los Municipios y de la Agencia de Desarrollo Local de la Mancomunidad Gran Centro Potosí, esta actividad consistirá básicamente en la determinación del área de riego incremental y la distribución equitativa de las parcelas agrícolas bajo riego por afiliado.

Cuarta fase – Acompañamiento técnico en la producción agrícola. 

En ésta última fase, los ingenieros de los 6 Municipios implicados, asesorarán técnicamente en la producción agrícola a los/as campesinos/as de las Comunidades de Lamani Baja, San Antonio, Chalama, Muquina, Puituco y Quiruchata, con la articulación de nuevas técnicas de producción y la tecnología tradicional existente en las zonas, considerando siempre, el uso racional y sustentable de los recursos naturales (agua y suelo).

"
Mejora de las Condiciones Económicas de Mujeres en desventaja en La Paz y El Alto a través de la capacitación profesional,"El programa financia y apoya durante tres años al proyecto CEFIM en Bolivia. El proyecto CEFIM presta servicios de educación a mujeres de escasos recursos que provienen del entorno rural y con ingresos medios de un euro por día. Son mujeres que viven en El Alto y en La Paz y trabajan en la economía informal o como asistentes de hogar. Se les da capacitación técnica (areas de geriatría, hostelería o cocina) para que obtengan un título de grado medio, nivelación de bachillerato y cursos libres (abiertos) en temas específicos"
Mejora del medio ambiente a través de la recolección y del relleno sanitario de los Residuos Sólidos Urbanos en la Localidad de Betanzos,
Mujeres En Acción Construyendo la Equidad,
"Incrementado el Nivel de la Educación de los/as niños, niñas y jóvenes de la Unidad Educativa “Chacabuco”- Municipio Puna.","El Proyecto está dirigido básicamente a mejorar el nivel y la calidad de la Educación de los/as niños, niñas y jóvenes de la Unidad Educativa “Chacabuco” ubicada en la Comunidad de Chacabuco, Municipio Puna, a través de la implementación de cinco módulos pedagógicos: “Internado, Computación, Electricidad, Mecánica y Carpintería”, de acuerdo a normas y especificaciones técnicas de diseño, cálculo y funcionalidad, asimismo el proyecto acrecentara una gran cantidad de alumnos en los niveles inicial, primario y secundario, ya que podrán concluir sus estudios y aspirar a una profesionalización, esto implica una disminución del porcentaje de analfabetismo.

El Proyecto consistirá en la construcción y equipamiento de un Internado (10 dormitorios, una biblioteca, una cocina, un comedor, dos baños, un almacén y una portería), un ambiente de Computación, un ambiente de Electricidad, un ambiente de Carpintería y un ambiente de Plomería.
Finalmente, se realizará la instrucción pedagógica en los 5 módulos a 301 niños, niñas y jóvenes del nivel primario y secundario anualmente de la Unidad Educativa “Chavabuco” Municipio de Puna. La instrucción pedagógica estará encomendada por los/las maestros, maestras, personal administrativo y padres de familia"
Incrementado el nivel de vida de los/as campesinos/as indígenas quechuas de la localidad de Chaquí mediante la producción láctea.   ,"El presente proyecto tiene un enfoque integral, el cual tendrá la articulación de las siguientes fases:

Primera fase – Construcción de una Granja Lechera.

En esta fase se construirá un establo, una sala de ordeño rústico, un henil, un silo y un ambiente para la elaboración de derivados lácteos 

Segunda fase – Equipamiento de las instalaciones de la Granja Lechera.

En esta fase se equipará un establo, una sala de ordeño rústico, un henil, un silo y un ambiente para la elaboración de derivados lácteos.

Tercera fase – Capacitación a 90 jefes de familia en el manejo del hato lechero, en la producción y la comercialización de derivados lácteos.

En esta fase se capacitará a 90 jefes de familia (beneficiarios/as) de la Localidad de Chaquí, pertenecientes a la Asociación de Productores “San Gerónimo” en el manejo del hato lechero, en la producción y la comercialización de derivados lácteos. 

Cuarta fase – Producción y comercialización de derivados lácteos.

En esta fase se producirán variedad de productos lácteos en las instalaciones de la Granja Lechera, los mismos se comercializarán en los mercados de la Ciudad de Potosí, en las ferias locales de Betanzos, ferias comunales, en el mercado de la Localidad de Chaquí y Chaquí Baños"
Incrementar el nivel de vida de la población de la Comunidad Iscu Mayu mediante la producción agrícola bajo riego,"La integración social y económica de las Comunidades rurales de la Mancomunidad Gran Centro Potosí es uno de los objetivos de la Agencia de Desarrollo Local, por lo que el proyecto consistiría en la integración socioeconómica de una pequeña Comunidad Rural como Iscu Mayu dentro del Municipio de Yocalla, mediante la implementación de una adecuada infraestructura de riego, que tendrá un impacto positivo en el incremento de sus ingresos económicos provenientes del incremento en la producción agrícola"
Ixiamas Sana e Intercultural: Atención a la Salud Integral y con Adecuación Cultural,
Incorporación de los Adolescentes Internos en las Cárceles de Cochabamba a los Programas de Reinserción Social de Ayni Ruway,
La juventud de guayaramerín protagonista de su desarrollo social y laboral,"El proyecto se destina a los-as jóvenes de Guayaramerín, ciudad amazónica en la cual no existe una planificación definida hacia un sector tan importante como la juventud. Se pretende impulsar un programa integral de desarrollo de la población juvenil en el cual, en primer lugar, se reforzará el protagonismo de los-as mismos-as jóvenes mediante el aumento de la participación y el fortalecimiento de sus organizaciones y grupos. De esta forma se pondrán las bases de una mayor implicación social e integración laboral y productiva. Para ello es fundamental contar con distintas instituciones públicas y privadas de Guayaramerín que puedan garantizar la sostenibilidad futura"
La Red de Educación Técnica de Fe y Alegría: Una Oferta Diversificada y Articulada a las demandas de la población y del Mercado,
"Mejora del nivel educativo de la población Guaraní, especialmente mujeres y niñas",
"Mejorado el sistema vial de la comunidad de Santa Rosa mediante la construcción de un camino carretero de 10,06 km",
Mejoramiento de la educación básica de niños/as jóvenes y adultos bilingües de municipios rurales pobres en los departamentos de Potosí y Chuquisaca,"El proyecto consiste en el desarrollo de una metodología desarrollada a través de transmisiones de radio, orientada fundamentalmente a jóvenes que no han concluido sus estudios primarios en los municipios de Tarabuco, Presto, Tarvita y Sopachuy en el Departamento de Chuquisaca y Betanzos y Caiza D en el Departamento de Potosí. El proyecto se ejecuta en consorcio con Entreculturas"
Mejorando la seguridad alimentaria,
Construcción y equipamiento del módulo educativo San Antonio de Millipaya,
Incrementado el nivel de vida de los/as campesinos/as indígenas quechuas del Municipio Caiza “D” a través del mejoramiento de la producción frutícola y agroforestal.,"Primera fase – Construcción de un sistema de riego y de una caseta para almacenamiento de  semillas.

Esta fase se iniciará, con la contratación de un viverista para el manejo del vivero frutícola forestal de Caiza “D”. Posteriormente, se realizará la construcción del sistema de riego (para el riego de las especies en sus distintas etapas) y la construcción de una caseta de almacenamiento (para el almacenamiento de semillas y otros suministros). 

Segunda fase – Equipamiento del vivero frutícola forestal.

En esta fase, se equipará el vivero frutícola forestal con los equipos, herramientas y suministros para la producción de los plantines frutícolas y forestales.

Tercera fase – Producción de especies frutícolas y forestales.

En esta fase, se procederá a la producción de las especies frutícolas y forestales, desde su almacigado hasta su adaptación en las platabandas, para luego efectuar la plantación en terreno definitivo. Todas las especies forestales serán producidas de semilla, en cambio las especies frutícolas, tendrán diferente tratamiento, mediante injertos con distintos hijuelos.


Cuarta fase – Creación de Ecosistemas en base a huertos frutícolas y bosquetes forestales.

En esta fase, se crearán los ecosistemas frutícolas y forestales en las parcelas agrícolas y en el entorno de las comunidades de Caiza “D”"
Liderazgo de la APG en el desarrollo socio-económico integral de la región del Chaco,
Manejo forestal sostenible en equidad de género en la región de los valles cruceños,
Mejora de la Calidad educativa en el Departamento de Chuquisaca,
Mejora del Acceso a la Energía en las Comunidades Rurales de Bolivia,"El proyecto pretende desarrollar y difundir el conocimiento, así como las capacidades humanas y tecnológicas necesarias para mejorar el acceso a la energía en las comunidades rurales bolivianas, en aquellas zonas que han quedado fuera de los planes de interconexión eléctrica, con el objetivo de mejorar los servicios básicos de la población y atenuar la presión sobre los recursos energéticos tradicionales en la zona de intervención.
La intervención se desarrolla en dos ejes:
  La sensibilización y formación de capacidades para la energización sostenible en la zona de trabajo
  La implementación de infraestructuras (abastecidas con EERR) y servicios"
"Mejora de la calidad educativa y gestión local en los núcleos escolares de Igüembe, Ity y La Tapera, municipio Villa Vaca Guzmán.",
"Mejora de las condiciones de vida reduciendo los riesgos a desastres, de las personas y comunidades en situación de pobreza y exclusión en América Latina",
Mejora de las condiciones de saneamiento básico en cuatro comunidades del Distrito III de Viacha,
"Mejoramiento de las condiciones alimentarias, la economía y la participación social de las familias campesinas de dos municipios del Departamento de Pando,  Bolivia",
Proyecto Urbano Hogar Teresa de los Andres,
"Mejora de la producción agropecuaria sostenible de la familias campesinas en los valles interandinos de Bolivia, 3 años.","1000 familias campesinas de 40  comunidades de 13  municipios de  los  valles  interandinos de  Bolivia, que  basan  su  economía en la actividad pecuaria, mejoran  las  condiciones  de  vida, implementando acciones para  la  generación  de  un  modelo  endógeno de  desarrollo  agropecuario, a  partir  de la  promoción  y  el  fortalecimiento  organizativo con la  formación  de  recurso  humano  local (lideres hombres y  mujeres), la  implementación  del plan de  desarrollo  comunal (PDC), el  establecimiento de un sistema de asistencia  agropecuaria y el  mejoramiento  de la  infraestructura  productiva  pecuaria a  través  de la inversión en  los campos  naturales  de pastoreo (CANAPAs), efectuado con la protección  de  sus  fuentes  de  agua (REPANAs), la construcción  de  sistemas  de  almacenamiento  de  agua para  consumos  animal, siembras  de  pastos, conservación  de  forrajes y mejoramiento  de corrales  en  la  unidad productiva familiar, incidiendo de  esta  manera en  la  sostenibilidad de  la  producción y  productividad pecuaria"
Modelo campesino  de gestión del  desarrollo comunal sostenible en los Valles Interandinos de Santa Cruz y Cochabamba (Fase III),
Mujeres orfebres de la ciudad de EL Alto desarrollan capacidades en diseño y producción para integrar sus productos en los mercados de comercio justo,
OCER (Oficina de Atención a la Ciudadanía en el Exterior y al Retorno),
Perforación de Pozos,
Plataforma para una Política Energética,
Prevención y rehabilitación en la Amazonia Boliviana,
Producción de hortalizas bajo carpas solares en el CECAP-Escoma,
Programa de Apoyo Educativo para escuelas del Municipio de Okinawa,
Promoción de desarrollo local mediante la generación de valor agregado en el cultivo y comercialización de la cañahua en el Departamento de Cochabamba,
"Promoción de la cultura mojeña a través de la educación formal en el ámbito territorial mojeño, Amazonía Boliviana ",
Proyecto Casa Yanapasiñani,
Promoción de los Derechos de los Indígenas de Bolivia a Través de la Gestión Concertada del Agua de la Cuenca Mauri – Desaguadero,
"Apoyo al autodesarrollo de los pueblos indígenas y al reconocimiento y aplicación efectiva de sus derechos. Ecuador, Bolivia, Perú, Colombia, Paraguay, Guatemala y Mexico (Chiapas).  ",
Recuperación productiva y social de familias de colonizadores de comunidades del municipio de San Julián,
"Rehabilitación económica en los municipios de Alcalá, Sopachuy y El Villar",
Santa Cruz Saludable: Promocionando la Salud de las Mujeres en Edad Reproductiva de la Red Este,
Reforzamiento de actividades productivas autogestionadas con mujeres en El Alto ,
Transparencia en la Gestión Fiscal y Administrativa de la Renta Proveniente de Hidrocarburos – Fase II,
"Transparencia y control social de la renta de hidrocarburos, en YPFB y el Ministerio de Hidrocarburos",
Santa Cruz Saludable: por la salud de la mujer detectando el cáncer de útero,
Sistemas de agua potable en 2 comunidades del distrito III del municipio de Viacha,
Unidad Educativa Madre de La Divina Providencia (2da. Fase Secundaria),
Telecentros educativos comunitarios,
Proyecto Yateqhañani,
Proyecto Suma Thakhi,
Seguridad Alimentaria y desarrollo económico local en Bolivia y Ecuador,
La Red de Educación Técnica de Fe y Alegría: Una oferta diversificada y articulada a las demandas de la población y el mercado  ,
"Promoción del acceso universal a la educación mediante la mejora de la formación profesional y técnica, desde un enfoque integral.  Bolivia, Colombia, Venezuela, Paraguay, Perú y Ecuador. ",
Convenio para la mejora de la Enseñanza Primaria Universal ...,
Mejora de la calidad educativa para la inserción social de poblaciones vulnerables en America Latina ,
"Educación básica gratuita, de calidad e inclusiva para niños, niñas, jóvenes y adultos, especialmente niñas y mujeres indígenas y de zonas rurales, de Bolivia",
"Fortalecimiento de capacidades humanas e institucionales de las poblaciones indígenas guaraníes y de afrodescendiente, altamente vulnerables a situaciones de violación de derechos humanos y violencia de género. Regional",
"Mejora de las condiciones de vida reduciendo los riesgos ambientales en zonas rurales vulnerables por su dependencia de los recursos naturales en zonas ecológicamente sensibles.  Bolivia, Perú, Ecuador. ",
Mejora de la calidad de vida de las familias indígenas y campesinas rurales pobres a través de la incidencia política para el acceso equitativo y sostenible de los recursos naturales,
Mejora del acceso a los servicios de salud mediante el fortalecimiento de los sistemas públicos de atención primaria,
Desarrollo Integral Participativo en Sud Lípez,
"Reforma del Ala de Varones, y Adecuación de los Servicios Higiénicos del Asilo San Ramón",
Proyecto Ayuda Humanitaria por las Inundaciones.,
Mitigar el impacto de las inundaciones en la Comunidad de Bella Altura y restablecer su Acceso al Agua Potable y Saneamiento Básico,
Rehabilitación y equipamiento del centro de salud de Piedras Blancas,
"Consolidación y extensión del modelo de salud intercultural, familiar y comunitario con enfoque de género en el distrito de salud apolobamba",
Fortalecimiento de organizaciones de trabajadores promoviendo la formación sindical y facilitando su intervención en el mercado de trabajo y en los procesos de codesarrollo. (América Latina / Varios Países),
"Mejora de la salud de las poblaciones, en especial de las de mayor pobreza y vulnerabilidad",
"Promoción, Desarrollo e Integración de servicios de Fisioterapia en la estructura sanitaria",
Proyectos de Agua y Saneamiento Toromonas,
Agua potable y saneamiento básico para comunidades campesinas de los municipios de Reyes y Rurrenabaque,
"Implementación y Consolidación del Modelo de Salud Intercultural, Familiar y Comunitario con Enfoque de Género en el Distrito de Salud Apolobamba",
"Fortalecimiento de la planificación, gestión y prestación de servicios de la red de Atención Primaria",
Salud y nutrición fortaleciendo el proceso de implementación del modelo de salud familiar comunitario con interculturalidad y del programa de desnutrición cero,
Proyecto de Seguridad Alimentaria en EL municipio de Caripuyo,
Mejora de la situación de poblaciones indígenas vulnerables  - Convenio de Cooperación,
Construcción de un centro de salud en la comunidad Villa Aroma,
Red de producción y difisión audiovisual para fortalecer la ciudadanía en equidad y diversidad cultural,
Apoyo a los Centros Escolares en la Ribera del rio Tapacarí ,
"Centro de Salud, 2 Fase. Equipamiento y Atención Sanitaria",
Construcción de sistemas de agua potable en las comunidades Nueva Jerusalén y Fortuna,
Manejo de los recursos naturales y mejoramiento de la producción bovina y especies menores en el Municipio de Camiri – Santa Cruz (Bolivia),
Proyecto Salud Integral en el Chaco Chuquisaqueño,
Proyecto Salud Integral en el Chaco Chuquisaqueño VVG,
Gestión Municipal Participativa en El Caine Cochabambino ,
Fortalecimiento de capacidades locales para la preparación y prevención  frente a los riesgos de desastres naturales.,
Atención primaria y dermatológica en Jorochito,
Proyecto salud Kallawaya,
Mejora de la Salud para Comunidades Campesinas,
Construcción y equipamiento de un centro de salud en la comunidad de Villa Aroma,
Plan de prevención en comunidades del norteamazónico boliviano,
"Fortalecimiento de los procesos de gestión, información y comunicación en el sistema de salud del Municipio de Riberalta (Bolivia)",
Un modelo integral e incluyente bajo un concepto de derecho a la salud,
Compra e instalación de cámara frigorífica para el comedor del Hogar Teresa de los Andes,
"Mejora de viviendas saludables en la comunidad de San Julián Bajo en la Provincia de Padilla, Departamento de Chuquisaca.",
Proyecto Ayuda Humanitaria por las Inundaciones.,
Programa de prevención y control de la enfermedad de Chagas.,
Fortalecimiento de la Participación social y de la estructura productiva,
Construcción Centro de Salud Obispo Bosque,
Construcción de dos sistemas de agua potable en las comunidades de Jalsuri y Tacagua,
Implantación de sistemas de salud comunitaria y municipal en redes de salud rurales de extrema pobreza en Potosí,
"Apoyo a la promoción de liderazgos femeninos a través de la formación y la incidencia política en las organizaciones indígenas de mujeres en el Beni, Bolivia",
Fortalecer el sistema productivo-organizativo para garantizar el ejercicio de los derechos de productoras/res indígenas del municipio de Calamarca-Bolivia,
Fortalecimiento a las Organizaciones campesinas de Chayanta,
Capacitación y difusión para la consolidación del proceso de cambio,
Fortalecimiento del sistema público de educación en la periferia de la ciudad de Sucre para la inclusión y acceso equitativo de niños y niñas migrantes,
Fortalecimiento de la Formación Politcia de mujeres líderes indígenas chiquitanas. ,
Plan de prevención de desastres y rehabilitación agropecuaria en la amazonía boliviana,
Dignidad y calidad Educativa para los más desfavorecidos,
Fortalecimiento de la educación rural y los derechos los niños en áreas zafreras del Departamento de Santa Cruz ( Bolivia),
Generar economías locales para artesanos/as y comunidades forestales en Santa Cruz y La Chiquitania (Bolivia) a través del certificación FSC y el Comercio Justo,
"Desarrollo de la base productiva y fortalecimiento al tejido empresarial para el incremento de los ingresos económicos de productores de Anís, Frutilla y Caña de Azúcar de los municipios de Saipina y Comarapa",
Construcción de la Unidad Educativa Thajra,
"Incidencia de la mujer indígena de los cinturones de pobreza del Eje Troncal de Bolivia en agenda política pública.Violencia, salud y participación",
"Promoción de la cultura mojeña en el ambito de la formación formal, intracultural, intercultural y plurilingue",
Mejora de la gestión municipal y ejercicio ciudadano en los municipios de Bolívar y Tacopaya del departamento de Cochabamba,
"Producción agroganadera sostenible, con equidad de género en la comunidad indígena guaraní de Rancho Viejo, Bajo Isoso-Santa Cruz (Bolivia)",
"Avanzando hacia el fortalecimiento del Sistema Público de Salud y su articulación con la medicina tradicional en la Provincia de Velasco, Departamento de Santa Cruz de la Sierra. Bolivia",
Fortalecimiento de la estrategia de apoyo al Sistema de Información Vigilancia Epidemiológica con énfasis en la mortalidad materna e infantil en las Redes de Salud nº11 y 12 del Altiplano Sur del Departamento de La Paz.,
Mejora del medio ambiente a través de la recolección y del relleno sanitario de los residuos sólidos urbanos en el Municipio Porco,
Mejorado el tejido económico de 275 mujeres campesinas indígenas quechuas participantes en la RED productiva orgánica y agroecológica comercializadora mancomunada (MujeryDEL) con los 11 municipios de la Mancomunidad de Gran Centro Potosí.,
"Fortalecimiento de la producción agroganadera de las Comunidades de  Aguarati, Pikirenda y Guandare (Bajo Isoso) Bolivia",
Informativos Ciudades Interculturales: medios de comunicación contra la discriminación y el racismo en Bolivia,
Impulso a procesos de cambio social en Bolivia: Fortalecimiento del protagonismo social y político de organizaciones de inmigrantes indígenas del área suburbana de Cochabamba – Bolivia,"El proyecto persigue fortalecer la participación de las organizaciones sociales de las áreas suburbanas de Cochabamba en la implementación de políticas publicas, a través de varios ejes: acceso a la información; desarrollo de espacios participativos de información; investigación-acción participativa sobre su propia realidad; y formación politica."
"Agua potable para las familias, niñas y niños de las unidades educativas de los municipios de Licoma, Cajuata e Inquisivi del Departamento de La Paz",
"Programa de reactivación economica para las familias damnificadas en inundaciones de lso muncipios de San Carlos, San Juan y Yapacaní, provincia de Ichilo de Santa Cruz, Bolivia",
"Programa de rehabilitación económica para familias daminifciadas por las inundaciones en los Municipios de Sopachuy, Alcalá y El Villar de la Provincia Tomina del Dpt. De Chuquisaca",
Educación para el trabajo en escuelas rurales del nivel secundario,
"Implementación del Centro de Formación Permanente para Educadores ""San Ignacio de Loyola""",
"Mejoramiento de la educación básica de niños/as, jóvenes y adultos bilingües de Municipios rurales pobres en los departamentos de Potosí y Chuquisaca",
Educación básica por radio en cinco municipios del Depto. De Potosi ,
 Apoyo a iniciativas organizativas y productivas en las comunidades ayoreas ,
"Apoyo a la implemetación de la piscicultura rural a pequeña escala en la región de Chiquitania, provincias Chiquitos y Velasco (dep. Santa Cruz Bolvia)",
"Inserción socioeconómica de cuatro grupos de mujeres en situaciones de riesgo, mediante el micro crédito y la  capacitación. Valle Bajo de Cochabamba (Fase II)",
Fortalecimiento de prácticas de democráticas incluyentes con cualificación de la participación de mujeres y jóvenes,
Mejora de la soberanía alimentaria de 18 comunidades quechuas en dos microcuencas hidrológicas en los municipios de Arque y Tapacarí,
"Fortalecimiento de la red de comercialización de productos agropecuarios en la provincia de Cordillera (Santa Cruz, Bolivia) ",
"Desarrollo pecuario sostenible y promoción de estrategias democráticas e inclusivas para las mujeres, con actuaciones complementarias al programa AYRA",
Promoviendo la equidad de género en la gestión del desarrollo local en Bolivia,
"Diversificados los procesos productivos en 7 Municipios de la Mancomunidad Gran Centro Potosí con 450 mujeres campesinas indígenas quechuas, a través de la producción artesanal textil",
Centro de Desarrollo Integral para Adolescentes y Jóvenes (Fase II),
"Información, prevención, detección y tratamiento de la leishmaniasis en el municipio de Palos Blancos",
"Reactivación de la economía familiar en 21 comunidades afectadas por el aislamiento vial consecuencia de las inundaciones en las parroquias de Facundo, Vela, Salinas y San Luis de Pambil en Bolivar. Dpt. Cbba.",
Las Casas del Saber: una experiencia educativa dirigida a los niños y jóvenes campesinos de los Municipios más pobres de Bolivia,
Instituto Politécnico Fe y Alegría: una oferta diversificada y articulada a las demandas de la  población y el mercado del departamento de Tarija,
"Contribuir al mejoramiento del medioambiente a través de acciones que promueven el uso adecuado de la basura orgánica en 4 barrios del municipio de Riberalta, Bolivia. Segunda Fase",
Consolidación del Observatorio de Derechos Humanos y Centro de Recursos de Información,
"Contribución al proceso de integración de la mujer andina a través de prácticas democráticas y fomento al respeto de los derechos ciudadanos, en la perspectiva de reducir las brechas de género ",
Fortalecimiento de las capacidades productivas para la generación de valor añadido y de la concertación e incidencia política de las familias y organizaciones económicas campesinas de Torotoro para su seguridad alimentaria y  Desarrollo Local,
Dinamización Cultural en los cinco municipios de la Región Andina,
"Contribución a la generación de condiciones para el ejercicio ciudadano, equidad de género y seguridad jurídica sobre la propiedad agraria de comunidades indígenas,  en los 5 municipios de la Mancomunidad de la Región Andina.",
Promoción de los Derechos de la población Indígena Guaraní que vive en condiciones de Semiesclavitud y Servidumbre en el Chaco Chuquisaqueño de Bolivia,
Gestión de políticas públicas para el ejercicio del Derecho Humano a la Alimentación Adecuada,
Promoción de los Derechos de las familias de la etnia Guaraní que viven en condiciones de servidumbre y empadronamiento en el Chaco Chuquisaqueño,
Fortalecimiento del Pueblo Guaraní para la implementación de las Autonomías Indígenas. ,
"Fortalecimiento de la producción agropecuaria sostenible a nivel familiar en las comunidades guaranís de Aguaraigua, Paraboca y Miniyuqui (Bajo Isoso) (BOLIVIA)",
Fortalecimiento de la autonomía política y social de las mujeres en la Mancomunidad Andina de Cochabamba,
"Garantizar la dotación de agua para consumo humano y alimentación de familias indigenas vulnerables a la inseguridad alimentaria (VAM), que habitan el comunidades rurales del Sur",
Mejorar las necesidades básicas en provision de agua en comunidades indigenas de Tacobamaba-Potosi,
"Mejorar la economía y participación social de las comunidades campesinas indígenas originarias fortaleciendo sus capacidades de propuesta y negociación para la implementación de políticas públicas municipales, provinciales y nacionales.",
Fortalecimiento de la Cadena Fruticola en la Mancomunidad de Municipios de los Valles Cruceños,
"Apoyo al fortalecimiento de emprendimientos locales y la generación de empleo de sectores no agropecuarios (gastronomía típica, artesanía, micro industria, transformación y turismo) en el área urbana y rural de la provincia Vallegrande",
Implementación de una estrategia regional para la reducción de los riesgos climáticos y daños que afectan a la producción de los fruticultores en tres municipios de la provincia de Vallegrande,
Apoyo al Fortalecimiento Integral del Desarrollo Económico Local en el área urbana y rural de la provincia Vallegrande,
Fortalecimiento de las organizaciones y los recursos humanos de los actores de la cadena frutícola y diversificación de la producción convencional con integrada y ecológica,
Apoyo a la aplicación de Buenas Prácticas Agrícolas y diversificación de producción frutícola,
Mejora de la educación alternativa rural para fortalecer la soberanía alimentaria de comunidades campesinas donde presta sus servicios educativos los CETHAs: Chulumani (Region Yungueña) y CETHA Caracollo (Region del Altiplano).,
Fortalecidos 194 emprendimientos no agropecuarios rurales y urbanos en los Valles Cruceños de Bolivia bajo el modelo del desarrollo económico local,
Migración y desarrollo y fortalecimiento de capacidades para el desarrollo social y productivo en Bolivia y Ecuador,
Saneamiento básico y desarrollo económico local en comunidades quechua del municipio El Choro,
Avanzando hacia la Equidad en los espacios políticos y sociales de Santra Cruz (Bolivia). Fase II ,
Mujeres Aymaras en las Nuevas Tecnologías,"Se implementa un espacio de capacitación con medios tecnológicos de comunicación para el proceso de formación y la realización de las prácticas para las mujeres que formarán parte de este proceso. Se elaboran materiales de capacitación en cartillas validadas con las mismas mujeres aymaras y se aplicarán metodologías de acción participativa para todo el proceso de formación.

Se desarrollan producciones de programas radiales en diferentes formatos para radio y una experiencia en vídeo, como parte de apropiación de los medios de comunicación. Estas acciones serán realizadas en el proceso de capacitación y en las organizaciones y comunidades paralelamente a las sesiones de estudios presenciales."
Soberanía alimentaria y participación campesina en la Central Agraria Lambate,
Fortalecimiento a Organizaciones de Mujeres y Hombres Jóvenes Líderes Indígenas en la Chiquitanía (Fase II),
Fortalecimiento de los emprendimientos Económicos de las Mujeres de Bolivia y Perú,
"Mujeres jóvenes y adolescentes reconocen, ejercen y difunden sus derechos sexuales y reproductivos en el altiplano Boliviano",
"Empoderamiento de las organizaciones de mujeres indígenas, campesinas, originarias y afrobolivianas en Bolivia",
Proyecto de Disminución de forma sostenible de la incidencia de enfermedades diarreicas y parasitosis entre los habitantes de comunidades indígenas guaranís caracterizadas por una alta vulnerabilidad socioeconómica y ambiental,
Dotación de agua Segura y Distribución y capacitación en el uso de los suministros WASH de emergencias,
"Mejorando la situación de la mujer desde proyectos educativos en zonas rurales de Perú, Ecuador y Bolivia","El proyecto aborda la problemática del acceso igualitario de la mujer a una vida digna y, más concretamente, a su derecho a una educación equitativa y de calidad en zonas rurales vulnerables de la región andina. Esta situación tiene su mayor causa en la falta de conciencia respecto al problema de la equidad de género y sus consecuencias sociales así como en la debilidad institucional (en capacidades y herramientas) para presentar propuestas de solución, sobre todo en aquellas instituciones que son responsables del desarrollo educativo local y nacional.
Por tanto, para dar solución a esta situación, el presente proyecto pondrá en marcha un proceso de formación especializada que partirá 1) desde la identificación participativa de necesidades formativas en género mediante diagnósticos institucionales y de zona, 2) el desarrollo del plan de formación especializada en género a actores clave de las instituciones educativas públicas y privadas seleccionadas (plan que contará con una metodología por módulos y con aplicación práctica en cada institución) y 3) el intercambio y consolidación del proceso formativo mediante una estrategia de difusión que contempla el intercambio y difusión de los proyectos finales del curso en un seminario regional andino donde se presentarán los avances aplicados en cada zona y se intercambiarán análisis de los problemas de la mujer en cada contexto así como las estrategias de mejora de las intervenciones. A través de la implementación de este proyecto, en dos años se habrá logrado sensibilizar y fortalecer las capacidades de intervención de 10 entidades privadas y 36 instituciones públicas de educación rural, productiva y técnica de Bolivia, Perú y Ecuador desde un enfoque de género. Todo el proceso se realizará de forma participativa aprovechando la red andina existente que cuenta con comités zonales y regionales que ha sido articulada por Educación Sin Fronteras desde el año 2007 a raíz de otros proyectos andinos desarrollados con las mismas instituciones. "
"Fortalecimiento de la sociedad civil para la exigibilidad de los Derechos Económicos, Sociales Culturales y Ambientales (DESCA) y la gestión sostenible de los recursos naturales en Bolivia y Perú  ","El sector de las industrias extractivas, en especial el de la minería en la región andina, experimenta crecientes conflictos ambientales y sociales. El carácter estratégico de trabajar y acompañar a nuestros socios locales en este sector se sustenta en razones de diferente índole:

Las políticas de explotación y manejo de recursos naturales constituye el corazón de los modelos de desarrollo. 
La adopción de políticas neoliberales en los años 90 en la región propició un aumento espectacular de las actividades mineras (en manos del sector transnacional). 
Por su naturaleza atomizada y dispersa, el sector minero afecta a un elevado número de actores sociales y comunidades en áreas rurales, con especial incidencia en las mujeres y los pueblos indígenas.
Los intereses creados en torno a las actividades mineras hacen necesaria intervenciones desde la sociedad civil y movimientos sociales para agendar la problemática en el debate nacional de políticas públicas. "
Fortalecimiento de las capacidades en género de la organización local CEDESCO - Bolivia,"El análisis previo se realizó aplicando el documento “Género al interior de las ONGs: del papel a la práctica” facilitado por ACSUR. El citado instrumento planteaba la necesidad de analizar tres niveles intraorganizacionales desde una mirada de género: discursivo/normativo, funcionamiento institucional y acciones de desarrollo.
Para poder garantizar y consolidar este proceso se hace necesario la formación interna del personal de CEDESCO con el objeto de sensibilizar a los recursos humanos sobre cuestiones de género y capacitarlos en el manejo de instrumentos metodológicos prácticos de aplicación del enfoque de género."
Fortalecimiento al ejercicio de la ciudadanía de mujeres de zonas periurbanas y rurales de Bolivia,"La Escuela de Liderazgo y Ciudadanía Gregoria Apaza (ELCGA), ha planteado una nueva dinámica en la intervención del CPMGA en la comunidad alteña. Desde ahí, mediante sucesivos procesos de retroalimentación y ajuste, el CPMGA ha ampliado su radio de acción a otros municipios de Bolivia con resultados objetivos en cuanto a la mejora de prácticas de las y los capacitados, y subjetivos en cuanto al empoderamiento de dichos actores dentro de sus organizaciones y su irradiación hacia otras personas en el ámbito local.

El éxito de este tipo de intervención que cuenta con medidas de seguimiento y evaluación objetivas y subjetivas ha permitido establecer una alianza estratégica con el Equipo Nacional de Coordinación de AMUPEI que se encuentra interesado de adecuarla, con matices y otros tópicos de abordaje, a sus Comités Regionales Rurales ubicados en tres departamentos.

La intervención mediante las Escuelas de Liderazgo Rurales (ELR) tendrá resultados inmediatos en pequeña escala (municipios) que permitirá a las mujeres y líderes realizar un ejercicio ciudadano responsable que equilibre derechos y deberes dentro de sus organizaciones y en sus acciones de incidencia hacia Gobiernos Municipales."
Fortalecimiento de la participación política de las mujeres indígenas-campesinas en el desarrollo local de tres municipios quechuas de Bolivia.,"Para ello se plantearon las siguientes estrategias:
a)Fortalecimiento de las capacidades políticas y técnicas de las mujeres líderes y de base.
b)Generación y concertación de propuestas específicas de las mujeres para incorporarlas en la planificación anual y estratégica municipal (Agendas municipales de las mujeres). 
c)Sensibilización frente a la temática de género, tanto a representantes de organizaciones campesinas–indígenas mixtas como a autoridades y funcionarios/as municipales.
d)Intercambio y difusión de las experiencias habidas en los tres municipios"
Ayuda Humanitaria a la Población Guaraní desplazada en Bolivia,
Diseño y elaboración de cuadernos temáticos diferenciados sobre los derechos de la mujer en Perú y Bolivia,
Agora Bolivia-Capacitación e inserción laboral para personas ciegas,
Sostenibilidad de la Pastoral Penitenciaria en Bolivia II,
"Fortalecimiento Político y de Gestión a mujeres de organizaciones sociales para la democratización de sus organizaciones, la inclusión de la agenda de género y el ejercicio de control y vigilancia social a partir de la perspectiva de género","El proyecto pretendió además,  trabajar las relaciones de desigualdad y subordinación de las cuales las mujeres alteñas son sujetos ante usos y costumbres de tipo patriarcales. 

Para este efecto, se plantearon tres niveles requeridos e imprescindibles para poder trascender y lograr impactos integrales a través del mismo.

Reforzamiento de los saberes y capacidades de las mujeres para su empoderamiento al interior de las organizaciones.
Desarrollo de conocimientos, recuperación de saberes propios y capacidades para mejorar el funcionamiento de las organizaciones sociales a través de modelos y estrategias participativos y de democratización interna inclusivos al tema de género.
Desarrollar en las mujeres y en las organizaciones de las cuales ellas forman parte capacidades organizativas y de gestión para su respectivo empoderamiento en el municipio alteño y para el control y vigilancia social activo, con enfoque de género."
Modelo Campesino de Adaptación al Cambio Ciclo-Hidrológico,"Para revertir esa vulnerabilidad el proyecto plantea trabajar de forma orgánica en 3 niveles:

1.El desarrollo de capacidades organizativas para impulsar la implementación de Mecanismos de Adaptación al Cambio del ciclo hidrológico.

2.La implementación de sistemas integrales sostenibles de abastecimiento de agua para consumo humano y uso productivo agropecuario gestionada por Organizaciones Administradoras de Agua.

3.La adaptación de los sistemas productivos agropecuarios a las nuevas condiciones climáticas dominantes en la zona, por parte de las Familias campesinas."
Convenio para el empoderamiento de la mujer en Perú y Bolivia,"El Convenio para el empoderamiento de la mujer en Bolivia y Perú, tiene como finalidad:

- La promoción de una mayor representación y participación de las mujeres en todos los espacios sociales comunitarios y políticos. 
- El fortalecimiento de las políticas y mecanismos nacionales para la equidad de género.

"
Noticiero Intercultural: Herramientas de Comunicación Audiovisual para la participación Ciudadana y el Diálogo Intercultural,"La creación del centro ha logrado impulsar la consolidación de varias experiencias comunicativas que responden a la necesidad de los sectores populares, dando una respuesta a la carencia de apoyo técnico, logístico y conceptual a estás iniciativas, de la misma forma se ha logrado impulsar en la población de sectores excluidos, un acercamiento al audiovisual como una herramienta de alto valor para la reivindicación de sus derechos. 

Uno de los resultados más importantes de estos procesos de formación es la creación de 3 documentales, realizados por los mismos participantes y miembros de organizaciones sociales, que tienen un alto valor e interés social y cultura"
Desarrollo Integral Agropecuario de Comunidades Indígenas con Enfoque de Género,
Empoderamiento Político y Económico de las Comunidades Campesinas de los Valles Cruceños,
Fortalecimiento de las organizaciones forestales comunitarias en las comunidades indígenas chiquitanas de la tco - monte verde,
Fortalecimiento de las capacidades de la sociedad civil para la gestión social del agua en las zonas periurbanas del sur de Cochabamba – Bolivia,"El proyecto trabajó en las siguientes áreas:

Fortalecimiento de las capacidades de autogestión de los Sistemas Comunitarios, particularmente de aquéllas concernientes a los procedimientos de gestión y al control de la calidad del agua. 

Provisión alternativa y asociativa de agua de calidad a los sectores que actualmente recurren a los aguateros. Este componente plantea la adquisición y operación por ASICA SUR de un camión cisterna que provea directamente de agua segura a dos barrios (2.175 habitantes aproximadamente) bajo un modelo de gestión sostenible. 

Fortalecimiento y acompañamiento a ASICA SUR. 

Por último, el proyecto contempla una estrategia de comunicación, movilización y educación popular, que pretende generar una amplia conciencia sobre la problemática del agua en la zona sur de Cochabamba, como para fortalecer la demanda ciudadana de resolución del acceso al agua en esta zona marginada."
"Fortalecimiento institucional y formación de personas adultas para una gestión sostenible de los recursos naturales y del desarrollo humano en la provincia de Ayopaya, Bolivia",
Mujeres en Acción (Fase IV),
"Gestión integrada de la micro cuenca “Suru Hata” con enfoque de soberanía, seguridad alimentaria y negociación, para sustentar el desarrollo económico productivo de los pequeños productores aymaras del cantón de Ilabaya del Departamento de La Paz",
"Lucha Contra la violencia de género y salud sexual reproductiva, a través de la aplicaciión efectiva de la spolíticas públicas, el fortalecimiento de redes regionales específicas y la vigilancia ciudadana,en Bolivia, ecuador y perú.","La propuesta de convenio pretende contribuir a la disminución de los factores que originan las brechas de género e impiden el desarrollo integral de las mujeres en determinadas regiones de Ecuador, Perú y Bolivia, centrándose en los factores que impiden el ejercicio de sus derechos, específicamente los derechos sexuales y  reproductivos y derecho a una vida sin violencia.

Para ello se trabajará:
- En el  fortalecimiento de las capacidades de liderazgo, autonomía y capacidad organizativa de las mujeres en la región andina, para la  incidencia, exigibilidad, vigilancia y control social que promuevan el pleno ejercicio de sus derechos sexuales, derechos reproductivos y el derecho a una vida libre de violencia.
- En fortalecer las capacidades de intervención de las instituciones públicas y privadas vinculadas a la implementación de políticas y prestación de servicios para mejorar la calidad de la atención a las mujeres y el ejercicio de los derechos. 
- En promover la acción ciudadana a favor de los derechos sexuales, reproductivos y el derecho a una vida libre de violencia de las mujeres, generando discursos y prácticas incluyentes"
Los Derechos Sexuales y los Derechos Reproductivos (DSDR) en los Estatutos Autonómicos Departamentales (EAD) y Cartas Autonómicas Municipales (COM) de Bolivia.,"El sistema normativo internacional y nacional,  en materia de Derechos sexuales (DS) y Derechos reproductivos (DR),  ha tenido un gran desarrollo en la última década, Desde el 2010, la Constitución Política del Estado Plurinacional de Bolivia ha constitucionalizado estos derechos. No obstante, en el ámbito interno se ha constatado dificultad en la aplicación concreta de dichos avances, lo cual se traduce en la falta de políticas publicas  sobre el tema,  el mínimo acceso a servicios de SS y SR, la ausencia de educación e información  a las mujeres jóvenes y adolescentes sobre su sexualidad, los altos índices de violencia basada en género , los altos índices de embarazo no deseado y embarazo en adolescente, la alta razón de mortalidad materna, la falta de insumos de anticoncepción moderna, los tabúes construidos socialmente,  la demanda insatisfecha en anticoncepción moderan entre otros, en suma con la  violación al ejercicio pleno de los DS y DR. 
Consideramos que dos son los niveles de trabajo en el tema de los Derechos Sexuales y Derechos Reproductivos, uno el de nivel nacional y el que más nos interesa es el nivel departamental, municipal y campesino autonómico, entendido según el parágrafo II del Art. 269 de la CPE como el proceso de descentralización político administrativo de unidades territoriales, que existen o se organizan al interior del territorio boliviano. Esta capacidad de organización interna lo señala el Art. 272 de la Carta Magna, que otorga la posibilidad de gobernarse y normarse a si mismo de acuerdo a las competencias y materias asignadas como ser: salud, educación, desarrollo humano.
Incidir en este momento en su construcción, posibilitará que las políticas públicas locales aseguren la difusión, promoción y la protección de de los Derechos sexuales y Derechos reproductivos con el fin de fomentar una sociedad más justa, equitativa e igualitaria.
"
Consolidando el desarrollo económico de los productores de la provincia de OConor (Tarija),
Mejorando los sistemas productivos locales en comuniddes de los municipios de el Choro y Huayllamarca.,
Ganando la partida al mal de Chagas en Sacaba,
Plan Director de infraestructuras saneamiento y abastecimiento de agua en comunidades rurales del Municipio de Pocona,"El Plan Director de infraestructuras saneamiento y abastecimiento de agua en comunidades rurales del Municipio de Pocona tiene la finalidad de contribuir a la mejora sostenible de las condiciones de vida de las poblaciones rurales del municipio de Pocona (Cochabamba) incrementando su acceso al agua segura y al saneamiento. El Plan Director (PD) realiza un diagnóstico de necesidades y de recursos disponibles en todo el municipio, analiza las posibles soluciones para la protección del recurso hídrico, el abastecimiento y saneamiento de agua de las comunidades rurales y establece una planificación consensuada con los actores locales de estas actuaciones y las inversiones necesarias para llevarlas a cabo. Así, el Plan se conforma como una herramienta de planificación para gobiernos locales, ONGs y comunidades en cuanto a las infraestructuras de agua y, además, orienta en la protección del medio ambiente y en particular del recurso hídrico. El PD se desarrolla teniendo en cuenta el municipio como unidad administrativa y las cuencas hidrográficas como unidades territoriales para la gestión del recurso hídrico. Por ello, el PD fomenta la asociatividad municipal en el marco de la creación de micro regiones en el municipio alrededor de las diferentes microcuencas que conformar este medio. Asimismo, a otro nivel, pretende incorporara a las comunidades y a todos los actores sociales presentes al esfuerzo de concertación que obliga la preservación principalmente del recurso hídrico, pero también de los recursos suelo y vegetación y por ende del medio. El presente proyecto elaborará los diseños de propuestas técnicas viables para el abastecimiento de agua y el saneamiento básico en todas las comunidades del municipio, propondrá actuaciones a seguir para la mitigación de riesgos (de derrumbes, inundaciones, etc.) y para la protección del recurso hídrico. A su vez se mejorarán las condiciones de captación del recurso agua de una de las microcuencas del municipio, a la vez que se reducirá la velocidad de la erosión hídrica y aumentará la masa forestal. Para contribuir a fortalecer las capacidades de la población del municipio en la defensa del derecho humano al agua y darle voz frente a las autoridades, se fortalecerán y legalizarán operadores públicos rurales de sistemas de abastecimiento de agua, se fortalecerá un Organismo Gestor de Cuenca (OGC) existente, se promoverá la creación de otros nuevos y se creará un Comité de Cuencas Municipal (CCM), espacio de encuentro entre la alcaldía y los diferentes actores civiles entorno al agua (OGCs, comités de agua, comunidades de regantes, etc.) para la gestión del recurso hídrico y la mediación de los conflictos por él creados"
"Construcción de escuela atemperada en la comunidad Coniri, Municipio de Viacha",
Desarrollo territorial en el ADT Cotagaita,
"Muros de Contención y Recuperación de Tierras de Cultivo, 4ª fase ",
Apoyo al Centro de Recursos de Milloma ,
"Mejoramiento Agrícola Integral Sapanani,  Fase II",
Seguridad Alimentaria en el área rural de Puna y Ckochas del departamento de Potosí,
10 escuelas nocturnas en Potosí: convirtiendo el fracaso escolar en éxito: comunidades educativas movilizas por la mejora de los aprendizajes,
Educación y Territorio para construir un País Plurinacional,"El proyecto focalizará su acción en promover una educación pertinente y de calidad para la niñez y juventud de dos pueblos indígenas (Aymara y Uru), desde la visión de desarrollo y proyección política de los mismos actores indígenas. Los instrumentos pedagógicos centrales y objetivo principal del presente proyecto serán: 1) el Currículo contextualizado y diversificado para el caso del pueblo aimara de los municipios indígenas de Jesús y San Andrés de Machaca; 2)  El plan educativo para el caso del pueblo Uru. El proceso de diseño implicará abordar y analizar, de manera participativa, enfoques pedagógicos, políticos, culturales y lingüísticos en el marco de la Gestión Territorial Indígena en los nuevos escenarios del país. El proceso de diseño promoverá, a su vez un movimiento educativo orientado a consolidar a los pueblos indígenas en sus visiones de desarrollo y proyección étnica e intercultural. Se promoverá la participación en el diseño de todos los actores desde la conformación de Consejos Educativos de núcleo o asentamientos, como también los consejos por pueblo indígena. Al concluir el proyecto se habrá logrado que dos municipios indígenas aimaras cuenten con sus currículos educativos contextualizados integrales y por otro lado, que el pueblo Uru cuente con su plan educativo integral, pese a su realidad de territorios discontinuos. El proyecto aportará, a su vez, investigaciones sobre la realidad cultural de los pueblos aimara y Uru que generen debate público sobre la interculturalidad entre pueblos indígenas y el Estado. Asimismo, se contará con criterios y bases de construcción de políticas públicas educativas para pueblos indígenas con territorios discontinuos o territorios indígenas (división cultural) que coincidan con distritos municipales división administrativa), a su vez se tendrá información clave sobre las relaciones entre pueblos indígenas mayoritarios y minoritarios, y qué criterios de atención se deben tener en cuenta para estos casos de convivencia territorial."
"Educación, la llave para el desarrollo local (2da Fase): abriendo las puertas para una vida digna",
"Educación para la Salud (EPS): Estrategia  de Educación, Información y Capacitación (IEC) y fortalecimiento de los Puestos de Información del Vector (PIVS) de la enfermedad de Chagas",
Educación integral y técnica para jóvenes y adultos de zonas rurales del Departamento de Tarija,
Apoyo y la promoción de la producción campesina familiar y comunitaria en Bolivia,
Mejora de la producción de la ganadería sostenible comunitaria en la TCO Parapitiguasu,
Liderazgos realizan Control Social de los Derechos Humanos de las Mujeres,
Construcción de la Unidad Educativa La Fragua,
Construcción Escuela Tacara,
Territorio y Educación para construir un Estado Plurinacional. FASE II.,"El proyecto focaliza su acción en promover una educación pertinente y de calidad para la niñez y juventud de dos pueblos indígenas (Aymara y Uru), desde la visión de desarrollo y proyección política de los mismos actores indígenas.
En esta segunda fase del proceso, se busca consolidar un movimiento educativo orientado a fortalecer a los pueblos indígenas en sus visiones de desarrollo y proyección intra e intercultural; manteniendo la participación protagónica de los Consejos Educativos y los comités de núcleo o asentamientos, además de ir potenciando la responsabilidad y poder de decisión de la comunidad organizada en el planteamiento de políticas locales.  Los instrumentos pedagógicos centrales y objetivo principal del presente proyecto serán: 1) La construcción participativa del diseño Curricular regionalizado de la Nación Originaria Uru y plan de adquisición e implementación de la lengua dentro el proceso educativo de acuerdo a la realidad de su situación de territorios discontinuos; 2) La elaboración de materiales educativos con pertinencia cultural y lingüística  junto a la implementación experimental de los diseños curriculares contextualizados aimaras.  El proceso de diseño e implementación implicará abordar y analizar de manera participativa mediante procesos de cualificación, los enfoques pedagógicos, políticos, culturales y lingüísticos en el marco de la Gestión Territorial Indígena en los nuevos escenarios del Estado. El proyecto aportará, a su vez, instrumentos didácticos intra e interculturales también e insumos de desarrollo lingüístico aimara y uru, fruto de la investigación y construcción participativa de los hablantes y expertos. Asimismo, se contará con criterios y bases de construcción de políticas públicas educativas para pueblos indígenas con territorios discontinuos o territorios indígenas (división cultural) que coincidan con distritos municipales (división administrativa), con información clave sobre las relaciones entre pueblos indígenas mayoritarios y minoritarios, y qué criterios de atención se deben tener en cuenta para estos casos de convivencia territorial. Manteniendo como eje transversal de todas sus acciones el valor de la participación de la mujer en todas las estrategias, grupos organizados participantes y actores de este proceso.
Al concluir todo el proceso (4 años) se habrá logrado que dos municipios indígenas Aymaras validen sus currículos educativos contextualizados integrales y por otro lado que el pueblo Uru cuente con un diseño curricular integral, pese a su realidad de territorios discontinuos. "
Educación contextualizada de los pueblos indígenas Aymara y Urus,"En el marco de la promoción de los derechos de los pueblos indígenas a mantener sus identidades, lenguas y modos de vida particulares y  el derecho a una educación de calidad, se ha diseñado una propuesta para que las comunidades de intervención cuenten con estrategias educativas pertinentes en los niveles inicial, primario y secundario , respondiendo a su diversidad de vida, cultural y territorio, respetando el enfoque
de género, de derechos y mediambiental. La propuesta prevé 3 lineas- Elaboración de estudios y seminarios para la propuesta de educación intra, intercultural y plurilingüe en el marco de la nueva ley de educación, con enfoque de derechos, de géneros y medioambiente- diseño y aplicación de  planes curriculares contextualizados en coordinación con los titulares de obligaciones pertinentes: autoridades educativas distritales.- Sensibilización de los y las titulares de derechos sobre el valor de la diversidad cultural y la aplicación en la educación intracultural e intercultural y plurilingüe. Todas las actividades y resultados pretenden apoyar la implementación de la ley de Educación Avelino Siñani-Elizardo Pérez, informando a los y las titulares de derechos sobre su contenido. Para un intercambio de experiencias entre comunidades educativas, se fomentará la creación de redes de educadores y educadoras y de Sabios y Sabias de comunidades urus y aimaras de Bolivia y Perú.  La gestión se realizará en coordinación y con el consenso de los titulares de obligaciones locales: autoridades educativas distritales, direcciones de unidades educativas, gobiernos municipales, autoridades originarias, la participación de los y las titulares de derechos: padres y madres de familia y estudiantes, quienes conforman la comunidad educativa y con reconocimiento de autoridades educativas departamentales y nacionales. Se fortalecerá la participación de las mujeres en el diseño e implementación del currículum. Las elecciones de representaciones a los espacios de decisión, estarán conformadas de forma paritaria entre hombres y mujeres. Se busca que la mujer forme parte de todos los niveles de decisión, aunque en la práctica no siempre se respeta este principio. Se velará para introducir elementos que promuevan el respeto del medioambiente en el diseño curricular y la la elaboración de materiales educativos, rescatando conocimientos y saberes ancestrales"
"Escuela, familia y comunidad, por la mejora de la calidad educativa en Potosí","El proyecto se desarrolla en 10 escuelas de la zona urbana de la ciudad de Potosí, caracterizadas por bajos niveles escolares y altas tasas de abandono escolar. El proyecto apunta a transformar la gestión pedagógica como clave para la mejora del rendimiento escolar, a través de prácticas innovadoras en la enseñanza y uso de las nuevas tecnologías.
El objetivo central es que los y las estudiantes superen las dificultades actuales de aprendizaje, mejorando su rendimiento. El proyecto habrá conseguido no sólo que la población destinataria logre mejorar su rendimiento escolar, sino también mostrar que mejorando ciertas prácticas pedagógicas y de gestión, es posible conseguir una finalización y aprovechamiento efectivos de los estudios, ofreciendo así una alternativa exitosa para la mejora educativa en Potosí y Bolivia. Se pretende fortalecer las juntas escolares y las organizaciones estudiantiles haciendo hincapié en la participación y fortalecimiento de las mujeres en la gestión educativa. Este objetivo se logrará mediante la transformación de tres ámbitos de la práctica educativa: el aula, la escuela y la comunidad, a través de las siguientes estrategias:
1) el fortalecimiento de docentes en gestión pedagógica, para contribuir mejor a la formación integral de niños/as y adolescentes con bajos rendimientos; 2) Formación de actores de la comunidad educativa, con conocimientos y actitudes propositivas para la participación activa en la gestión curricular y escolar; 3) implementación de un servicio de apoyo socioeducativo integral a los actores de la comunidad educativa, conformado por un equipo transdisciplinario y que será clave para el alumnado con mayores dificultades; 4) Empoderamiento de las mujeres en las comunidades educativas, fortaleciendo los roles y aportación a la mejora de la calidad educativa de madres, estudiantes y docentes en los espacios
escolares"
"Educación Integral y técnica de jóvenes y adolescentes de zonas rurales vulnerables, dirigida a potenciar las vocaciones productivas de la zona andina. ",
Gestión comunitaria para la prevención de desastres naturales y efectos adversos del cambio climático en comunidades campesinas andinas de la Provincia Azurduy,
"Mejora del estado de salud de guaraníes menores de cinco años mediante la reducción de la prevalencia de la desnutrición en sus diferentes formas, así como de enfermedades de transmisión feco-oral",
"Reducción de la incidencia de la pobreza e inseguridad alimentaria en comunidades rurales del Chaco y Altiplano, a través del apoyo a iniciativas de aprovechamiento sostenible de los recursos productivos locales y de generación de ingresos económicos",
"Ayuda Humanitaria de emergencia y recuperación de medios de vida de familias damnificadas por la extrema sequía de 2009-2010 en la Región del Chaco, Bolivia",
Evaluación Nutricional y de Seguridad Alimentaria en el Chaco Boliviano,
Geñói - Desarrollando estrategias de éxito para incrementar la resiliencia a la sequía en el Chaco Boliviano,
"Empoderamiento  socioeconómico de  las mujeres  guaraníes en situación de extrema pobreza, a través de la consolidación del proceso de fortalecimiento de organizaciones de mujeres indígenas",
"Fortalecimiento de capacidades locales con un enfoque en reducción de riesgos ante desastres naturales en municipios y comunidades indígenas y campesinas del chaco chuquisaqueño, Bolivia",
"Fortalecimiento de las capacidades comunitarias e institucionales para hacer frente a desastres de origen natural en la Cuenca Baja del Río Grande, Departamento de Santa Cruz-Bolivia",
"Reducción de la vulnerabilidad de familias en situación de pobreza y con alto riesgo de sufrir inundaciones, por medio de una adaptación sostenible de sus medios de vida al entorno natural de la Cuenca Baja del Río Grande",
Proyecto integral de mejora de la seguridad alimentaria y nutricional de grupos de población en extrema vulnerabilidad del Departamento de Santa Cruz (Bolivia) ,
Reducción del Impacto de las sequías e inundaciones en los municipios y las comunidades guaranías del Chaco al fortalecer las capacidades locales de prevención y respuesta,
Fortalecimiento de las capacidades comunitarias e institucionales para hacer frente a desastres de origen natural en el Chaco,
Ayuda Humanitaria a través de emergencia y asistencia a desastres en comunidades del Chaco,
"Heñói - Incrementando la resiliencia local frente a la sequía en el Chaco Boliviano, construyendo a partir de estrategias exitosas",
"Muros de Contención y Recuperación de Tierras de Cultivo, 3ª fase",
Ayuda humanitaria a poblaciones afectadas por inundaciones en la Cuenca Baja del Río Grande (Bolivia) ,
Programa de Desarrollo Socioeconómico en Chaco Boliviano,
Construcción de Centros Escolares en la Ribera del Río Tapacarí,
Mejoramiento Agrícola Integral Sapanani,
Fortalecer las capacidades locales para afrontar las amenazas de inundación en la base del Río Grande en Santa Cruz (Bolivia),
"Fortalecimiento y apoyo a redes y organizaciones de mujeres indígenas. Ecuador, Colombia, Perú, Bolivia, Paraguay, Guatemala y Mexico (Chiapas).  ",
